{
    "text_length": {
        "count": 154278.0,
        "mean": 124.06369670335368,
        "std": 67.90081950881498,
        "min": 1.0,
        "25%": 66.0,
        "50%": 114.0,
        "75%": 183.0,
        "max": 274.0
    },
    "word_count": {
        "count": 154278.0,
        "mean": 20.060708590985104,
        "std": 10.87644932656082,
        "min": 0.0,
        "25%": 11.0,
        "50%": 18.0,
        "75%": 29.0,
        "max": 52.0
    }
}